example,line,kind,frame,unknowns,solver,variant,status,setup_ms,solve_ms,total_ms,iterations,reported_converged,true_converged,true_relative_residual,reason
apic_fluid,194,bsr,37,531441,cr,jacobi,ok,0.4696398973464966,3.6900825798511505,4.189487546682358,[30],True,True,2.336687950745515e-05,
apic_fluid,194,bsr,37,531441,cr,fsai_4,unsupported,,,,,,,,FSAI requires finite positive diagonals (461362 invalid rows)
apic_fluid,194,bsr,37,531441,cr,fsai_8,unsupported,,,,,,,,FSAI requires finite positive diagonals (461362 invalid rows)
apic_fluid,194,bsr,37,531441,cr,fsai_16,unsupported,,,,,,,,FSAI requires finite positive diagonals (461362 invalid rows)
apic_fluid,194,bsr,37,531441,cr,fsai_32,unsupported,,,,,,,,FSAI requires finite positive diagonals (461362 invalid rows)
apic_fluid_multi_env,124,matrix_free,40,16741,cr,jacobi,ok,0.2296939492225647,2.143450081348419,2.373144030570984,[3],True,True,0.16996357731649772,
apic_fluid_multi_env,124,matrix_free,40,16741,cr,fsai_4,ok,2.1530836820602417,2.086237072944641,4.24584373831749,[3],True,True,0.16913362493824882,
apic_fluid_multi_env,124,matrix_free,40,16741,cr,fsai_8,ok,5.687087774276733,2.017457038164139,7.69052654504776,[2],True,True,0.13518386338734364,
apic_fluid_multi_env,124,matrix_free,40,16741,cr,fsai_16,ok,34.81537476181984,2.0642317831516266,36.879606544971466,[2],True,True,0.14529733636740697,
apic_fluid_multi_env,124,matrix_free,40,16741,cr,fsai_32,ok,210.2445513010025,2.139925956726074,212.66568079590797,[2],True,True,0.14734897028767283,
cantilever_topology_optimization,410,bsr,1,2574,cg,jacobi,ok,0.3766193985939026,5.657128989696503,6.033748388290405,[147],True,True,9.072706038721249e-07,
cantilever_topology_optimization,410,bsr,1,2574,cg,fsai_4,ok,1.7360523343086243,9.995434433221817,11.731486767530441,[272],True,True,8.402217624944208e-07,
cantilever_topology_optimization,410,bsr,1,2574,cg,fsai_8,ok,6.484813988208771,8.262276649475098,14.862943440675735,[206],True,True,9.61451875493858e-07,
cantilever_topology_optimization,410,bsr,1,2574,cg,fsai_16,ok,48.30828681588173,7.316946983337402,55.65710365772247,[160],True,True,5.762678433981962e-07,
cantilever_topology_optimization,410,bsr,1,2574,cg,fsai_32,ok,359.2991754412651,7.026121020317078,366.49115011096,[137],True,True,7.887850161266436e-07,
convection_diffusion,123,bsr,1,10201,cg,jacobi,ok,0.36087632179260254,1.755591481924057,2.1199099719524384,[13],True,False,9.876719125946083e-08,
convection_diffusion,123,bsr,1,10201,cg,fsai_4,ok,1.0740645229816437,1.7132014036178589,2.7872659265995026,[9],True,False,9.61648117779311e-08,
convection_diffusion,123,bsr,1,10201,cg,fsai_8,ok,1.2617185711860657,1.6340576112270355,2.8873570263385773,[7],True,False,9.073591640215781e-08,
convection_diffusion,123,bsr,1,10201,cg,fsai_16,ok,1.2830905616283417,1.650545746088028,2.931389957666397,[7],True,False,9.073591640215781e-08,
convection_diffusion,123,bsr,1,10201,cg,fsai_32,ok,1.3110004365444183,1.6495175659656525,2.960518002510071,[7],True,False,9.073591640215781e-08,
convection_diffusion_dg,148,bsr,1,22500,bicgstab,jacobi,ok,0.4122108221054077,2.340078353881836,2.7522891759872437,[6],True,True,0.0005113991573664304,
convection_diffusion_dg,148,bsr,1,22500,bicgstab,fsai_4,not_applicable,,,,,,,,Nonsymmetric operator; FSAI requires SPD input.
convection_diffusion_dg,148,bsr,1,22500,bicgstab,fsai_8,not_applicable,,,,,,,,Nonsymmetric operator; FSAI requires SPD input.
convection_diffusion_dg,148,bsr,1,22500,bicgstab,fsai_16,not_applicable,,,,,,,,Nonsymmetric operator; FSAI requires SPD input.
convection_diffusion_dg,148,bsr,1,22500,bicgstab,fsai_32,not_applicable,,,,,,,,Nonsymmetric operator; FSAI requires SPD input.
darcy_ls_optimization,348,bsr,1,10201,cg,jacobi,ok,0.37196651101112366,7.579222321510315,7.947556674480438,[325],True,False,4.681422403816386e-06,
darcy_ls_optimization,348,bsr,1,10201,cg,fsai_4,unsupported,,,,,,,,FSAI requires finite positive diagonals (10099 invalid rows)
darcy_ls_optimization,348,bsr,1,10201,cg,fsai_8,unsupported,,,,,,,,FSAI requires finite positive diagonals (10099 invalid rows)
darcy_ls_optimization,348,bsr,1,10201,cg,fsai_16,unsupported,,,,,,,,FSAI requires finite positive diagonals (10099 invalid rows)
darcy_ls_optimization,348,bsr,1,10201,cg,fsai_32,unsupported,,,,,,,,FSAI requires finite positive diagonals (10099 invalid rows)
darcy_ls_optimization,352,bsr,1,10201,cg,jacobi,ok,0.37444010376930237,7.511120289564133,7.893748581409454,[323],True,False,4.572891549541419e-06,
darcy_ls_optimization,352,bsr,1,10201,cg,fsai_4,unsupported,,,,,,,,FSAI requires finite positive diagonals (10099 invalid rows)
darcy_ls_optimization,352,bsr,1,10201,cg,fsai_8,unsupported,,,,,,,,FSAI requires finite positive diagonals (10099 invalid rows)
darcy_ls_optimization,352,bsr,1,10201,cg,fsai_16,unsupported,,,,,,,,FSAI requires finite positive diagonals (10099 invalid rows)
darcy_ls_optimization,352,bsr,1,10201,cg,fsai_32,unsupported,,,,,,,,FSAI requires finite positive diagonals (10099 invalid rows)
deformed_geometry,116,bsr,1,10201,cg,jacobi,ok,0.3798343241214752,8.294720202684402,8.674554526805878,[338],True,False,0.003623766952573365,
deformed_geometry,116,bsr,1,10201,cg,fsai_4,ok,1.0696575045585632,5.540698766708374,6.683826446533203,[168],True,False,0.0026069927280745453,
deformed_geometry,116,bsr,1,10201,cg,fsai_8,ok,1.648399978876114,3.9711222052574158,5.615979433059692,[102],True,False,0.0020649813787569837,
deformed_geometry,116,bsr,1,10201,cg,fsai_16,ok,7.141668349504471,3.5252459347248077,10.666914284229279,[76],True,False,0.0017433068955586568,
deformed_geometry,116,bsr,1,10201,cg,fsai_32,ok,34.22846645116806,3.2897330820560455,37.518199533224106,[62],True,False,0.0015565421338723713,
diffusion,138,bsr,1,10201,cg,jacobi,ok,0.38112327456474304,2.7378275990486145,3.1189508736133575,[63],True,True,2.7171602638246673e-05,
diffusion,138,bsr,1,10201,cg,fsai_4,ok,1.0454878211021423,3.143053501844406,4.1885413229465485,[71],True,True,7.885010309926963e-05,
diffusion,138,bsr,1,10201,cg,fsai_8,ok,1.6740486025810242,2.6368312537670135,4.299614578485489,[48],True,True,9.13591993903736e-05,
diffusion,138,bsr,1,10201,cg,fsai_16,ok,7.279489189386368,2.408072352409363,9.703371673822403,[35],True,True,9.740350286501798e-05,
diffusion,138,bsr,1,10201,cg,fsai_32,ok,16.74480363726616,2.6929713785648346,19.38258484005928,[37],True,True,6.64270763087122e-05,
diffusion_3d,165,bsr,1,9471,cg,jacobi,ok,0.3605298697948456,2.321764826774597,2.6822946965694427,[29],True,True,0.0073535419346297945,
diffusion_3d,165,bsr,1,9471,cg,fsai_4,ok,2.139672636985779,2.3228414356708527,4.4625140726566315,[25],True,True,0.005302101324143498,
diffusion_3d,165,bsr,1,9471,cg,fsai_8,ok,9.919662028551102,2.111181616783142,12.030843645334244,[19],True,True,0.0038354321454820285,
diffusion_3d,165,bsr,1,9471,cg,fsai_16,ok,62.699511647224426,1.989126205444336,64.68863785266876,[14],True,True,0.006537206338961081,
diffusion_3d,165,bsr,1,9471,cg,fsai_32,ok,77.96354591846466,1.996207982301712,80.05120977759361,[14],True,True,0.00536857827158952,
distortion_energy,171,bsr,1,1352,cg,jacobi,ok,0.3755725920200348,22.28119969367981,22.656772285699844,[1117],True,False,0.0007399064376308012,
distortion_energy,171,bsr,1,1352,cg,fsai_4,ok,1.1947080492973328,7.914625108242035,9.086910635232925,[285],True,False,0.0004412163788040095,
distortion_energy,171,bsr,1,1352,cg,fsai_8,ok,1.7187632620334625,5.9357136487960815,7.665541023015976,[188],True,False,0.0003418056009651118,
distortion_energy,171,bsr,1,1352,cg,fsai_16,ok,8.161377161741257,5.079794675111771,13.238150626420975,[138],True,False,0.00030816926416661,
distortion_energy,171,bsr,1,1352,cg,fsai_32,ok,54.23252284526825,5.162451416254044,59.401243925094604,[123],True,False,0.00035662575416474965,
elastic_shape_optimization,402,bsr,1,312,cg,jacobi,ok,0.37357956171035767,4.06024232506752,4.433821886777878,[169],True,False,0.00024211936020420962,
elastic_shape_optimization,402,bsr,1,312,cg,fsai_4,ok,1.1743530631065369,2.770468592643738,3.943268209695816,[68],True,False,0.00013374349685845433,
elastic_shape_optimization,402,bsr,1,312,cg,fsai_8,ok,1.5739798545837402,2.4891048669815063,4.062145948410034,[50],True,False,0.00010119816447118047,
elastic_shape_optimization,402,bsr,1,312,cg,fsai_16,ok,6.5498948097229,2.2723786532878876,8.785005658864975,[38],True,False,9.250920591301338e-05,
elastic_shape_optimization,402,bsr,1,312,cg,fsai_32,ok,33.961597830057144,2.148367464542389,36.33299842476845,[29],True,False,9.733322950860137e-05,
elastic_shape_optimization,407,bsr,1,312,cg,jacobi,ok,0.37752464413642883,3.835398703813553,4.214990884065628,[149],True,False,2.8490711213639397e-05,
elastic_shape_optimization,407,bsr,1,312,cg,fsai_4,ok,1.1697635054588318,2.833127975463867,4.002891480922699,[70],True,False,1.7639855071716078e-05,
elastic_shape_optimization,407,bsr,1,312,cg,fsai_8,ok,1.6196854412555695,2.6576966047286987,4.3083056807518005,[55],True,False,1.4930853275195527e-05,
elastic_shape_optimization,407,bsr,1,312,cg,fsai_16,ok,6.1917416751384735,2.2635646164417267,8.4553062915802,[37],True,False,1.2457106647533003e-05,
elastic_shape_optimization,407,bsr,1,312,cg,fsai_32,ok,34.3623049557209,2.095848321914673,36.447249352931976,[26],True,False,1.0803812065195465e-05,
magnetostatics,244,bsr,1,104544,cr,jacobi,ok,0.3896169364452362,14.49686661362648,14.886483550071716,[250],False,False,0.4071693356986356,
magnetostatics,244,bsr,1,104544,cr,fsai_4,ok,2.107568085193634,15.870902687311172,18.000904470682144,[250],False,False,0.7484070912813917,
magnetostatics,244,bsr,1,104544,cr,fsai_8,ok,8.510097861289978,16.695834696292877,25.192614644765854,[250],False,False,0.3014425495171951,
magnetostatics,244,bsr,1,104544,cr,fsai_16,ok,40.73818773031235,19.022613763809204,59.76080149412155,[250],False,False,0.36959222885844806,
magnetostatics,244,bsr,1,104544,cr,fsai_32,ok,235.82155629992485,23.849710822105408,260.0674144923687,[250],False,False,0.4741191493854459,
mixed_elasticity,243,bsr,1,3952,cg,jacobi,ok,0.4019699990749359,9.753655642271042,10.155625641345978,[408],True,True,9.888718878812385e-05,
mixed_elasticity,243,bsr,1,3952,cg,fsai_4,ok,1.5780366957187653,4.9526505172252655,6.540209054946899,[141],True,True,9.963760275546645e-05,
mixed_elasticity,243,bsr,1,3952,cg,fsai_8,ok,4.2683444917202,4.383087158203125,8.624356240034103,[113],True,True,9.67152573695731e-05,
mixed_elasticity,243,bsr,1,3952,cg,fsai_16,ok,25.975380092859268,4.981547594070435,31.04621171951294,[124],True,True,9.435949674791304e-05,
mixed_elasticity,243,bsr,1,3952,cg,fsai_32,ok,213.39353546500206,6.150245666503906,219.36409920454025,[127],True,True,9.412422659945134e-05,
navier_stokes,185,saddle,1,5878,cg,jacobi,ok,0.584430992603302,4.808008670806885,5.405668169260025,[73],True,True,7.186925385623049e-07,
navier_stokes,185,saddle,1,5878,cg,fsai_4,ok,1.6997940838336945,4.649121314287186,6.346054375171661,[62],True,True,8.644952534984072e-07,
navier_stokes,185,saddle,1,5878,cg,fsai_8,ok,4.162941128015518,4.639618098735809,8.814800530672073,[62],True,True,6.242810450814978e-07,
navier_stokes,185,saddle,1,5878,cg,fsai_16,ok,4.210896790027618,4.659228026866913,8.869726210832596,[62],True,True,6.242810450814978e-07,
navier_stokes,185,saddle,1,5878,cg,fsai_32,ok,4.363313317298889,4.682458937168121,9.028304368257523,[62],True,True,6.242810450814978e-07,
nonconforming_contact,258,bsr,1,6402,cg,jacobi,ok,0.39042532444000244,20.13435959815979,20.524784922599792,[930],True,False,0.006367118714913351,
nonconforming_contact,258,bsr,1,6402,cg,fsai_4,ok,1.5660077333450317,12.191709131002426,13.774503022432327,[451],True,False,0.004722506832859899,
nonconforming_contact,258,bsr,1,6402,cg,fsai_8,ok,4.225373268127441,9.725093841552734,13.936668634414673,[330],True,False,0.0040919807442413095,
nonconforming_contact,258,bsr,1,6402,cg,fsai_16,ok,25.11562407016754,8.967161178588867,34.10949185490608,[272],True,False,0.0037125447671023156,
nonconforming_contact,258,bsr,1,6402,cg,fsai_32,ok,193.8723810017109,7.443483918905258,201.31586492061615,[172],True,False,0.0029666331050884277,
stokes,138,saddle,1,23003,cg,jacobi,ok,0.6049573421478271,33.97669643163681,34.58165377378464,[810],True,True,9.893706680942785e-05,
stokes,138,saddle,1,23003,cg,fsai_4,ok,1.7195679247379303,25.01169964671135,26.80329978466034,[535],True,True,9.552450036235545e-05,
stokes,138,saddle,1,23003,cg,fsai_8,ok,4.7309063374996185,20.20953968167305,24.96100217103958,[409],True,True,9.808469075707185e-05,
stokes,138,saddle,1,23003,cg,fsai_16,ok,29.40499410033226,16.99906215071678,46.40405625104904,[316],True,True,9.380554443286377e-05,
stokes,138,saddle,1,23003,cg,fsai_32,ok,94.02994066476822,15.71594923734665,109.90967974066734,[285],True,True,8.865332369253304e-05,
stokes_transfer,172,bsr,1,4906,cg,jacobi,ok,0.3956630825996399,4.310380667448044,4.707392305135727,[140],True,True,9.616985970318509e-05,
stokes_transfer,172,bsr,1,4906,cg,fsai_4,unsupported,,,,,,,,FSAI requires finite positive diagonals (120 invalid rows)
stokes_transfer,172,bsr,1,4906,cg,fsai_8,unsupported,,,,,,,,FSAI requires finite positive diagonals (120 invalid rows)
stokes_transfer,172,bsr,1,4906,cg,fsai_16,unsupported,,,,,,,,FSAI requires finite positive diagonals (120 invalid rows)
stokes_transfer,172,bsr,1,4906,cg,fsai_32,unsupported,,,,,,,,FSAI requires finite positive diagonals (120 invalid rows)
taylor_green,646,saddle,1,37507,cg,jacobi,ok,0.6090141832828522,6.246544420719147,6.855558604001999,[101],True,True,8.071216606093746e-07,
taylor_green,646,saddle,1,37507,cg,fsai_4,ok,1.7284564673900604,5.26505708694458,7.017195224761963,[70],True,True,7.955521808884647e-07,
taylor_green,646,saddle,1,37507,cg,fsai_8,ok,4.6811215579509735,4.925187677145004,9.585309773683548,[61],True,True,8.217777007539135e-07,
taylor_green,646,saddle,1,37507,cg,fsai_16,ok,10.893050581216812,4.652839154005051,15.54873213171959,[54],True,True,7.893720265451638e-07,
taylor_green,646,saddle,1,37507,cg,fsai_32,ok,11.872410774230957,4.629138857126236,16.597628593444824,[54],True,True,7.893720265451638e-07,
