example,line,variant,status,target,converged,setup_ms,solve_ms,total_ms,iterations,corrections,true_residual_norm,reason
convection_diffusion,123,jacobi,measured,1.0000000097707406e-12,True,1.078672707080841,13.321608304977417,14.400281012058258,16,8,7.807893942043293e-14,
convection_diffusion,123,fsai_4,measured,1.0000000097707406e-12,True,1.5599466860294342,9.365297853946686,10.938350111246109,10,5,1.2486628993161374e-13,
convection_diffusion,123,fsai_8,measured,1.0000000097707406e-12,True,1.7570964992046356,11.07000932097435,12.827105820178986,8,6,6.665697834799249e-14,
convection_diffusion,123,fsai_16,measured,1.0000000097707406e-12,True,1.7857439815998077,11.077310889959335,12.863054871559143,8,6,6.665697834799249e-14,
convection_diffusion,123,fsai_32,measured,1.0000000097707406e-12,True,1.860879361629486,11.174160987138748,13.023212552070618,8,6,6.665697834799249e-14,
darcy_ls_optimization,348,jacobi,measured,1.0058164802814207e-05,True,1.0272599756717682,17.886321991682053,18.90677958726883,507,5,2.46307572174114e-06,
darcy_ls_optimization,348,fsai_4,unsupported,1.0058164802814207e-05,,,,,,,,FSAI requires finite positive diagonals (10099 invalid rows)
darcy_ls_optimization,348,fsai_8,unsupported,1.0058164802814207e-05,,,,,,,,FSAI requires finite positive diagonals (10099 invalid rows)
darcy_ls_optimization,348,fsai_16,unsupported,1.0058164802814207e-05,,,,,,,,FSAI requires finite positive diagonals (10099 invalid rows)
darcy_ls_optimization,348,fsai_32,unsupported,1.0058164802814207e-05,,,,,,,,FSAI requires finite positive diagonals (10099 invalid rows)
darcy_ls_optimization,352,jacobi,measured,9.949873806355224e-06,True,1.0478571057319641,17.889633774757385,18.942508846521378,510,5,2.118125531926608e-06,
darcy_ls_optimization,352,fsai_4,unsupported,9.949873806355224e-06,,,,,,,,FSAI requires finite positive diagonals (10099 invalid rows)
darcy_ls_optimization,352,fsai_8,unsupported,9.949873806355224e-06,,,,,,,,FSAI requires finite positive diagonals (10099 invalid rows)
darcy_ls_optimization,352,fsai_16,unsupported,9.949873806355224e-06,,,,,,,,FSAI requires finite positive diagonals (10099 invalid rows)
darcy_ls_optimization,352,fsai_32,unsupported,9.949873806355224e-06,,,,,,,,FSAI requires finite positive diagonals (10099 invalid rows)
deformed_geometry,116,jacobi,measured,9.999999980020987e-07,True,1.053638756275177,17.799947410821915,18.85358616709709,553,4,1.0558188584080367e-07,
deformed_geometry,116,fsai_4,measured,9.999999980020987e-07,True,1.504313200712204,14.229971915483475,15.703488141298294,284,4,8.941500933410294e-08,
deformed_geometry,116,fsai_8,measured,9.999999980020987e-07,True,2.1437928080558777,11.712826788425446,13.861097395420074,177,4,8.378084058700163e-08,
deformed_geometry,116,fsai_16,measured,9.999999980020987e-07,True,7.6289102435112,10.811779648065567,18.355969339609146,131,4,5.8088879743962586e-08,
deformed_geometry,116,fsai_32,measured,9.999999980020987e-07,True,34.17712822556496,10.421741753816605,44.68975216150284,109,4,6.237667594763201e-08,
distortion_energy,171,jacobi,measured,0.0009672861834855609,True,1.0165460407733917,41.42345115542412,42.43999719619751,1816,4,5.8046760976322334e-05,
distortion_energy,171,fsai_4,measured,0.0009672861834855609,True,1.7052441835403442,15.121322125196457,16.8265663087368,406,3,0.0008458705881829271,
distortion_energy,171,fsai_8,measured,0.0009672861834855609,True,2.2762641310691833,13.122346252202988,15.398610383272171,302,3,0.0005359115916021384,
distortion_energy,171,fsai_16,measured,0.0009672861834855609,True,8.42122733592987,11.180434376001358,19.730374217033386,201,3,0.0007245695420170514,
distortion_energy,171,fsai_32,measured,0.0009672861834855609,True,54.341722279787064,10.82151010632515,65.10398536920547,163,3,0.0008851030137803385,
elastic_shape_optimization,402,jacobi,measured,1.0000000084311918e-08,True,1.0013729333877563,12.448247522115707,13.520505279302597,256,5,8.516881579037415e-09,
elastic_shape_optimization,402,fsai_4,measured,1.0000000084311918e-08,True,1.6209296882152557,11.325854808092117,12.936189770698547,108,5,9.178150193311627e-09,
elastic_shape_optimization,402,fsai_8,measured,1.0000000084311918e-08,True,2.104785293340683,11.054977774620056,13.153936713933945,86,5,2.430490530116817e-09,
elastic_shape_optimization,402,fsai_16,measured,1.0000000084311918e-08,True,7.0815905928611755,10.662209242582321,17.816487699747086,60,5,2.791649673031154e-09,
elastic_shape_optimization,402,fsai_32,measured,1.0000000084311918e-08,True,34.8517969250679,10.570105165243149,45.42214050889015,41,5,9.195264639617492e-10,
elastic_shape_optimization,407,jacobi,measured,1.0000000084311918e-08,True,1.0001882910728455,15.453919768333435,16.364101320505142,333,6,5.082650479286374e-09,
elastic_shape_optimization,407,fsai_4,measured,1.0000000084311918e-08,True,1.6365684568881989,13.685543090105057,15.589702874422073,120,6,3.4478943863256402e-09,
elastic_shape_optimization,407,fsai_8,measured,1.0000000084311918e-08,True,2.1186955273151398,13.031922280788422,15.150617808103561,97,6,1.8347111656661603e-09,
elastic_shape_optimization,407,fsai_16,measured,1.0000000084311918e-08,True,6.810344755649567,12.578915804624557,19.38965916633606,64,6,2.946006226995319e-09,
elastic_shape_optimization,407,fsai_32,measured,1.0000000084311918e-08,True,34.751154482364655,12.582704424858093,47.19085618853569,51,6,7.94952427724982e-10,
magnetostatics,244,jacobi,measured,9.24387342307414,False,2.3049823939800262,1065.9135393798351,1068.3517940342426,20000,20,22405.972610115692,
magnetostatics,244,fsai_4,measured,9.24387342307414,False,3.981567919254303,1180.4130636155605,1184.3946315348148,20000,20,26262.783725884423,
magnetostatics,244,fsai_8,measured,9.24387342307414,False,10.664790868759155,1245.7228228449821,1255.5960826575756,20000,20,27862.291550248425,
magnetostatics,244,fsai_16,measured,9.24387342307414,False,43.064575642347336,1428.5310208797455,1473.8355241715908,20000,20,34157.33299788494,
magnetostatics,244,fsai_32,measured,9.24387342307414,False,238.41042816638947,1800.4345633089542,2037.8567278385162,20000,20,43787.67142359776,
nonconforming_contact,258,jacobi,measured,9.999999980020987e-07,True,1.0630562901496887,39.0404537320137,39.88559916615486,1564,4,8.038927725250276e-08,
nonconforming_contact,258,fsai_4,measured,9.999999980020987e-07,True,2.065330743789673,23.678522557020187,25.807257741689682,663,4,8.846769626421028e-08,
nonconforming_contact,258,fsai_8,measured,9.999999980020987e-07,True,4.782050848007202,24.120565503835678,28.911888599395752,646,4,8.126672718874993e-08,
nonconforming_contact,258,fsai_16,measured,9.999999980020987e-07,True,25.843560695648193,19.388671964406967,45.29525339603424,417,4,7.214987966680828e-08,
nonconforming_contact,258,fsai_32,measured,9.999999980020987e-07,True,194.039985537529,18.73939484357834,212.7465270459652,310,4,8.003677691151277e-08,
